title,description,videoId,viewCount,likeCount,dislikeCount,commentCount,channelTitle,CviewCount,CcommentCount,subscriberCount
"Meet Spot, the robot dog that can run, hop and open doors | Marc Raibert","That science fiction future where robots can do what people and animals do may be closer than you think. Marc Raibert, founder of Boston Dynamics, ...",AO4In7d6X-c,14488,1779,33,260,TED,851185597,4912,7644071
Why I still have hope for coral reefs | Kristen Marhaver,"Corals in the Pacific Ocean have been dying at an alarming rate, particularly from bleaching brought on by increased water temperatures. But it's not too late to ...",FauPVZxDXxk,43701,936,49,197,TED,851185597,4912,7644071
"Thoughts on humanity, fame and love | Shah Rukh Khan","""I sell dreams, and I peddle love to millions of people,"" says Shah Rukh Khan, Bollywood's biggest star. In this charming, funny talk, Khan traces the arc of his life, ...",0NV1KdWRHck,2593842,85558,1970,5078,TED,851185597,4912,7644071
How to gain control of your free time | Laura Vanderkam,There are 168 hours in each week. How do we find time for what matters most? Time management expert Laura Vanderkam studies how busy people spend ...,n3kNlFMXslo,1408338,34266,723,854,TED,851185597,4912,7644071
Your brain hallucinates your conscious reality | Anil Seth,"Right now, billions of neurons in your brain are working together to generate a conscious experience -- and not just any conscious experience, your experience ...",lyu7v7nWzfo,751683,19752,742,1817,TED,851185597,4912,7644071
Best Ted Talks 2015 - Draw your future - Take control of your life,Ted Talks Featuring the amazing Patti Dobrowolski (Subscribe here for more amazing ted ...,4vl6wCiUZYc,4191389,54056,1411,1198,ProjectHappyWay,5713275,0,34939
How to stay calm when you know you'll be stressed | Daniel Levitin,"You're not at your best when you're stressed. In fact, your brain has evolved over millennia to release cortisol in stressful situations, inhibiting rational, logical ...",8jPQjjsBbIc,4686688,35582,2745,938,TED,851185597,4912,7644071
TED Vietsub Angela Lee Duckworth  Kien tam   Chia khoa thanh cong,,JTbsKFX3xGU,109154,518,17,21,Bach Van Triet,654513,0,0
A simple way to break a bad habit | Judson Brewer,Can we break bad habits by being more curious about them? Psychiatrist Judson Brewer studies the relationship between mindfulness and addiction -- from ...,-moW9jvvMr4,3770712,52801,1249,1745,TED,851185597,4912,7644071
The future we're building -- and boring | Elon Musk,"Elon Musk discusses his new project digging tunnels under LA, the latest from Tesla and SpaceX and his motivation for building a future on Mars in conversation ...",zIwLWfaAg-8,1875072,44659,765,3553,TED,851185597,4912,7644071
Inside the mind of a master procrastinator | Tim Urban,"Tim Urban knows that procrastination doesn't make sense, but he's never been able to shake his habit of waiting until the last minute to get things done. In this ...",arj7oStGLkU,8109682,248464,2230,14833,TED,851185597,4912,7644071
Why you should define your fears instead of your goals | Tim Ferriss,"The hard choices -- what we most fear doing, asking, saying -- are very often exactly what we need to do. How can we overcome self-paralysis and take action?",5J6jAC6XxAI,640365,23136,355,489,TED,851185597,4912,7644071
Your body language may shape who you are | Amy Cuddy,"Body language affects how others see us, but it may also change how we see ourselves. Social psychologist Amy Cuddy argues that ""power posing"" -- standing ...",Ks-_Mh1QhMc,12646045,159409,2860,7082,TED,851185597,4912,7644071
Grit: the power of passion and perseverance | Angela Lee Duckworth,"Leaving a high-flying job in consulting, Angela Lee Duckworth took a job teaching math to seventh graders in a New York public school. She quickly realized ...",H14bBuluwB8,2782563,20226,505,939,TED,851185597,4912,7644071
Why 30 is not the new 20 | Meg Jay,"Clinical psychologist Meg Jay has a bold message for twentysomethings: Contrary to popular belief, your 20s are not a throwaway decade. In this provocative ...",vhhgI4tSMwc,1480866,17985,826,1639,TED,851185597,4912,7644071
"After watching this, your brain will not be the same | Lara Boyd | TEDxVancouver","In a classic research-based TEDx Talk, Dr. Lara Boyd describes how neuroplasticity gives you the power to shape the brain you want. Recorded at ...",LNHBMFCzznE,12139657,97627,6235,4957,TEDx Talks,1647594251,322,8471295
The surprising habits of original thinkers | Adam Grant,"How do creative people come up with great ideas? Organizational psychologist Adam Grant studies ""originals"": thinkers who dream up new ideas and take ...",fxbCHn6gE3U,2236496,47793,761,1860,TED,851185597,4912,7644071
10 ways to have a better conversation | Celeste Headlee,"When your job hinges on how well you talk to people, you learn a lot about how to have conversations -- and that most of us don't converse very well. Celeste ...",R1vskiVDwl4,3390349,70689,926,1509,TED,851185597,4912,7644071
How to sound smart in your TEDx Talk | Will Stephen | TEDxNewYork,"This talk was given at a local TEDx event, produced independently of the TED Conferences. In a hilarious talk capping off a day of new ideas at TEDxNewYork, ...",8S0FDjFBj8o,5267811,99651,1835,3322,TEDx Talks,1647594251,322,8471294
How to speak so that people want to listen | Julian Treasure,"Have you ever felt like you're talking, but nobody is listening? Here's Julian Treasure to help you fix that. As the sound expert demonstrates some useful vocal ...",eIho2S0ZahI,12602282,160025,2946,2870,TED,851185597,4912,7644071
TED | VSIo ChTO VY ZNAETE O NARKOMANII - NEVERNO!,Chto na samom dele vyzyvaet liubuiu zavisimost' -- ot pristrastiia k kokainu do oderzhimosti smartfonami? I kak...,mO0vy_7rXEo,975,109,0,13,Gloomy Voice,660351,0,13036
Will the ocean ever run out of fish? - Ayana Elizabeth Johnson and Jennifer Jacquet,"View full lesson: https://ed.ted.com/lessons/will-the-ocean-ever-run-out-of-fish-ayana-elizabeth-johnson-and-jennifer-jacquet When most people think of fishing, ...",WNdR808jMSA,249108,8359,208,1511,TED-Ed,691645424,227,4933235
Ted Bloopers & Gag Reel (2012),"Ted Bloopers, Gag Reel & Outtakes Subscribe and click the notification bell HERE: http://goo.gl/SrrTlT Subscribe to FilmIsNow Movie Trailers: ...",n95L7k07e2s,8204,209,1,11,FilmIsNow Movie Bloopers & Extras,394093005,12,626614
All it takes is 10 mindful minutes | Andy Puddicombe,"When is the last time you did absolutely nothing for 10 whole minutes? Not texting, talking or even thinking? Mindfulness expert Andy Puddicombe describes the ...",qzR62JJCMBQ,1462259,18704,333,738,TED,851185597,4912,7644071
My philosophy for a happy life | Sam Berns | TEDxMidAtlantic,"Never miss a talk! SUBSCRIBE to the TEDx channel: http://bit.ly/1FAg8hB Sam Berns is a Junior at Foxboro High School in Foxboro, Massachusetts, where he ...",36m1o-tM05g,24471311,324725,6655,33959,TEDx Talks,1647594251,322,8471294
Ted - Hilarious Bloopers,funniest bloopers from the movie (TED) All bloopers Nothing else Watch till end ADD ME ON _--_ Instagram -- https://www.instagram.com/ajay._.beniwal/ ...,AzKSlk_JyGo,5781,42,10,1,AB Network,36076528,0,27143
The Magic of Not Giving a F*** | Sarah Knight | TEDxCoconutGrove,"Warning: Strong Language The bestselling author of The Life-Changing Magic of Not Giving a F*ck and Get Your Sh*t Together, Sarah Knight, outlines her ...",GwRzjFQa_Og,2269139,57115,2226,2129,TEDx Talks,1647594251,322,8471294
How to find and do work you love | Scott Dinsmore | TEDxGoldenGatePark (2D),Scott Dinsmore's mission is to change the world by helping people find what excites them and build a career around the work only they are capable of doing.,jpe-LKn-4gM,4439186,44261,1462,3277,TEDx Talks,1647594251,322,8471294
Live Stream-MASSIVE HIT on TED!! Flash FREE SPINS!!! BIG MONEY BONUS!!!,Wow just when I thought I couldn't top my last win on Ted I hit an unbelievable win on the Flash Free Spins and Big Money Bonus!!! ACTION STARTS AT 2:45 ...,f2cWTlZZdkI,2674,81,11,68,Slot Lady,214682,0,2225
Brene Brown: Why Your Critics Aren't The Ones Who Count,About this presentation There is nothing more frightening than the moment we expose our ideas to the world. Author and vulnerability researcher Brene Brown ...,8-JXOnFOXQk,1462699,14423,274,533,99U,7598837,0,99165
What makes a good life? Lessons from the longest study on happiness | Robert Waldinger,"What keeps us happy and healthy as we go through life? If you think it's fame and money, you're not alone - but, according to psychiatrist Robert Waldinger, ...",8KkKuTCFvzI,6990894,67828,1318,2434,TED,851185597,4912,7644071
What really matters at the end of life | BJ Miller,"At the end of our lives, what do we most wish for? For many, it's simply comfort, respect, love. BJ Miller is a palliative care physician who thinks deeply about how ...",apbSsILLh28,2787342,31331,886,1649,TED,851185597,4912,7644071
The art of asking | Amanda Palmer,"Don't make people pay for music, says Amanda Palmer. Let them. In a passionate talk that begins in her days as a street performer (drop a dollar in the hat for ...",xMj_P_6H69g,4965742,67039,1703,3954,TED,851185597,4912,7644071
The price of shame | Monica Lewinsky,"In 1998, says Monica Lewinsky, ""I was Patient Zero of losing a personal reputation on a global scale almost instantaneously."" Today, the kind of online public ...",H_8y0WLm78U,6756495,71392,7562,0,TED,851185597,4912,7644071
[(TEDChu Pin )] Tian Ti Fei Zhu Liu Kai Xin You 312 Bo Niao Suan Huo Qiang Liu  Chao Qing ,"Mo Shou Zheng Ba TED Guan Fang Pin Dao V3 Da Jia Hao ,Wo Shi TED! Yi Hou De Suo You Shi Pin Du Hui Zai Zhe Ge V3Zhu Pin Dao Yi Yi Shang Chuan ,Tong Bu Geng Xin ! V3 (Zhu Pin Dao ) https://www.youtube.com/channel/UCQ...",qgubJ7Xf69Y,450,8,0,0,Mo Shou Zheng Ba TED Guan Fang Pin Dao  V3,582508,0,1664
How to Become a Millionaire in 3 Years | Daniel Ally | TEDxBergenCommunityCollege,"When most people say they want to be a millionaire, they're really saying that they want to spend one million dollars. Besides winning the lotto or inheriting ...",jvBaRf9LHDs,5089115,68189,4732,5200,TEDx Talks,1647594251,322,8471294
[(TEDChu Pin )] Tian Ti Fei Zhu Liu Kai Xin You 309 Zhen Bian Tai  Ni Men Jue De Shi Shuo Shui Ni ?,"Mo Shou Zheng Ba TED Guan Fang Pin Dao V3 Da Jia Hao ,Wo Shi TED! Yi Hou De Suo You Shi Pin Du Hui Zai Zhe Ge V3Zhu Pin Dao Yi Yi Shang Chuan ,Tong Bu Geng Xin ! V3 (Zhu Pin Dao ) https://www.youtube.com/channel/UCQ...",lfVZE2cv_hE,1103,8,0,4,Mo Shou Zheng Ba TED Guan Fang Pin Dao  V3,582508,0,1664
The power of seduction in our everyday lives | Chen Lizra | TEDxVancouver,"Never miss a talk! SUBSCRIBE to the TEDx channel: http://bit.ly/1FAg8hB With nearly a decade of experience in the animation industry, working on projects for ...",TBIL2sdfoVc,7363232,43105,11286,7756,TEDx Talks,1647594251,322,8471293
The top 10 TED Talks of 2016,"Watch the talks we loved in 2016 and discover the year's most powerful ideas. To watch the full talks, check out the playlist: http://go.ted.com/2016 Can we build ...",Dph6ynRVyUc,489042,3962,164,260,TED,851185597,4912,7644072
TED - Trailer espanol,"Mas cine en http://www.lashorasperdidas.com Se reinicia la saga con Peter Parker en sus anos de secundaria, luchando con temas humanos asi como ...",xECjE4gR5Ow,3409822,5260,348,591,Las Horas Perdidas,75540096,6,39567
Ted 2 - szinkronizalt elozetes,"Orszagos bemutato: 2015. julius 16. Seth MacFarlane visszater irokent, rendezokent es a cimszereplo macko eredeti hangjakent minden idok legnagyobb ...",LY_SQ8tzfuk,273155,756,38,18,UIP-Duna Film,46718319,0,24063
"Looks aren't everything. Believe me, I'm a model. | Cameron Russell","Cameron Russell admits she won ""a genetic lottery"": she's tall, pretty and an underwear model. But don't judge her by her looks. In this fearless talk, she takes a ...",KM4Xe6Dlp0Y,12149061,152420,5807,10527,TED,851185597,4912,7644073
The manipulative tricks tech companies use to capture your attention | Tristan Harris,"A handful of people working at a handful of tech companies steer the thoughts of billions of people every day, says design thinker Tristan Harris. From Facebook ...",C74amJRp730,166407,4668,202,318,TED,851185597,4912,7644073
TED talks. Rhebeka Mkk`inon. ekek` het veradardznenk` hamats`ants`e,"1in.am Armenian News & Analyses. Tel: +37410 519126, +37410 520460; E-mail: editor@1in.am.",edd_ISwTR_U,552,2,0,0,1in.am LIVE,39086776,0,14890
The power of introverts | Susan Cain,"http://www.ted.com In a culture where being social and outgoing are prized above all else, it can be difficult, even shameful, to be an introvert. But, as Susan ...",c0KYU2j0TM4,6856150,118978,1554,8645,TED,851185597,4912,7644072
The art of misdirection | Apollo Robbins,"Hailed as the greatest pickpocket in the world, Apollo Robbins studies the quirks of human behavior as he steals your watch. In a hilarious demonstration, ...",GZGY0wPAnus,9835143,110351,1626,3617,TED,851185597,4912,7644072
Fan Cuo De Jia Zhi (TedYan Jiang  Zhong Wen Zi Mu ),"Mei Ge Ren Du Hui Bi Mian Fan Cuo ,Dan Huo Xu Bi Mian Fan Cuo Ben Shen Jiu Shi Yi Zhong Cuo Wu ?""Fan Cuo Jia "" Kathryn Schulz Gao Su Wo Men ,Huo Xu Wo Men Bu Zhi Gai Cheng Ren Cuo Wu ,Geng Ying Gai Da Li Yong Bao Ren Xing Zhong ""Wo ...",mFH40H8cjHU,10800,61,5,4,Li Yan Fu ,5607654,0,21982
The first 20 hours -- how to learn anything | Josh Kaufman | TEDxCSU,"Never miss a talk! SUBSCRIBE to the TEDx channel: http://bit.ly/1FAg8hB Josh Kaufman is the author of the #1 international bestseller, 'The Personal MBA: ...",5MgBikgcWnY,8028851,130057,2844,5569,TEDx Talks,1647594251,322,8471294
You owe it to yourself to experience a total solar eclipse | David Baron,"On August 21, 2017, the moon's shadow will race from Oregon to South Carolina in what some consider to be the most awe-inspiring spectacle in all of nature: a ...",cgxZ4H3gJ8c,181737,4948,242,918,TED,851185597,4912,7644073
TED's secret to great public speaking | Chris Anderson,"There's no single formula for a great talk, but there is a secret ingredient that all the best ones have in common. TED Curator Chris Anderson shares this secret ...",-FOCpMAww28,469524,7567,214,231,TED,851185597,4912,7644073
TED - Guarde seus objetivos para voce,"Apos vislumbrar um novo e brilhante plano para o futuro, nosso primeiro instinto e contar para alguem. Porem, Derek Sivers diz que e melhor manter nossos ...",G4XxnIYY7is,440399,10383,91,0,Abbott Brasil,21346830,0,135353
TED Kris Lonsdeil - Kak vyuchit' liuboi iazyk za 6 mesiatsev,"TED RUS x Kris Lonsdeil Kak vyuchit' liuboi iazyk za 6 mesiatsev Chris Lonsdale hDruz'ia, khochu rasskazat' vam ob odnom inter...",YeIvLT8_trk,669479,30176,598,679,Pavel Khromykh,1042204,0,6994
Elif Safak - TED Konusmasi (Turkce Altyazi),"Elif Safak: Kurgunun politikasi ""Hikaye dinlemek hayal gucumuzu genisletir; onlari anlatmak ise kulturel duvarlari asmamizi, farkli deneyimleri kucaklamamizi, ...",mMpKvff138M,552040,4314,160,376,A. G. M.,710327,1,1104
How to make stress your friend | Kelly McGonigal,"Stress. It makes your heart pound, your breathing quicken and your forehead sweat. But while stress has been made into a public health enemy, new research ...",RcGyVTAoXEU,4936859,54435,1124,2173,TED,851185597,4912,7644073
ted 2 pelicula completa en espanol latino,ted 2 pelicula completa en espanol latino ted 2 pelicula completa en espanol latino ted 2 pelicula completa en espanol latino.,TmYDWnB9xXA,940227,2642,691,166,"Laura,J,Henry3",1009200,0,983
"The Making of 'Ted', (With Trivia, Interviews & Behind the Scenes Acces)","For this week's Action Zone special, we learn all kinds of fluffy facts from the 2012 hit comedy 'Ted'. For the latest movie news, like us on ...",DQ4g-UEGhS4,27517,141,9,2,actionzone,8558109,0,9778
Quit social media | Dr. Cal Newport | TEDxTysons,'Deep work' will make you better at what you do. You will achieve more in less time. And feel the sense of true fulfillment that comes from the mastery of a skill.,3E7hkPZ-HTk,2234366,43812,1681,4193,TEDx Talks,1647594251,322,8471294
TED - Como falar de um jeito que as pessoas queiram ouvir,"Ja teve aquela sensacao de estar falando mas ninguem estar ouvindo? Aqui esta Julian Treasure para ajudar. Nesta util conversa, o especialista em som ...",D236cCikGmA,3475337,78791,1378,0,Abbott Brasil,21346830,0,135353
Will we ever be able to teleport? - Sajan Saini,View full lesson: https://ed.ted.com/lessons/will-we-ever-be-able-to-teleport-sajan-saini Is teleportation possible? Could a baseball transform into something like ...,JMdO5KyjwAw,525837,15459,267,1198,TED-Ed,691645424,227,4933235
How to spot a liar | Pamela Meyer,"http://www.ted.com On any given day we're lied to from 10 to 200 times, and the clues to detect those lie can be subtle and counter-intuitive. Pamela Meyer ...",P_6vDLq64gE,9293116,74530,3835,7046,TED,851185597,4912,7644073
TED Konusmalari - Mutlu Olmak,"Ozgur Bolat, TEDx Istanbul'da yaptigi konusmada, mutlulugun tarifinden yola cikarak, okullarin nasil mutsuz ogrenci yetistirdigini anlatiyor.",89J3u6zBndE,126765,1081,22,13,EgitimPedia,1038136,0,7786
Are you a giver or a taker? | Adam Grant,"In every workplace, there are three basic kinds of people: givers, takers and matchers. Organizational psychologist Adam Grant breaks down these personalities ...",YyXRYgjQXX0,747781,21244,410,1132,TED,851185597,4912,7644073
How to learn any language in six months | Chris Lonsdale | TEDxLingnanUniversity,"Never miss a talk! SUBSCRIBE to the TEDx channel: http://bit.ly/1FAg8hB Chris Lonsdale is Managing Director of Chris Lonsdale & Associates, a company ...",d0yGdNEWdn0,11158312,150132,3906,13774,TEDx Talks,1647594251,322,8471295
[(TEDChu Pin )] Tian Ti Fei Zhu Liu Kai Xin You 311 Xian You Ke Duo Hou You Tian  Chao Qing ,"Mo Shou Zheng Ba TED Guan Fang Pin Dao V3 Da Jia Hao ,Wo Shi TED! Yi Hou De Suo You Shi Pin Du Hui Zai Zhe Ge V3Zhu Pin Dao Yi Yi Shang Chuan ,Tong Bu Geng Xin ! V3 (Zhu Pin Dao ) https://www.youtube.com/channel/UCQ...",z46Kg3Lh_Xc,364,6,0,1,Mo Shou Zheng Ba TED Guan Fang Pin Dao  V3,582508,0,1664
Wishbone Ash - 1974 Ted's Last Gig,"Wishbone Ash London's BBC studios. February 21, 1974. BBC broadcast. Ex- FM mono[?]. Ted's Last Gig When Ted Turner left Wishbone Ash, it was his wish to ...",-otT2PcG48g,779,26,0,5,Master Eddie,19155098,0,27004
Why people believe they can't draw - and how to prove they can | Graham Shaw | TEDxHull,Why is it that so many people think they can't draw? Where did we learn to believe that? Graham Shaw will shatter this illusion - quite literally - in a very practical ...,7TXEZ4tP06c,15405567,255749,9623,13478,TEDx Talks,1647594251,322,8471295
Felicidade e aqui e agora | Clovis de Barros Filho | TEDxSaoPaulo,"O professor Clovis fala sobre felicidade e a necessidade de viver e ser feliz no momento presente. Professor, Doutor e livre-docente pela ECA-USP. Atua no ...",HsQx02JdZ2Q,560409,17172,224,402,TEDx Talks,1647594251,322,8471295
The science of psilocybin and its use to relieve suffering,"Leading psychopharmacologist Roland Griffiths discloses the ways that psychedelic drugs can be used to create spiritually meaningful, personally ...",81-v8ePXPd4,143251,2812,26,423,TEDMED,11812773,26,78900
Overcoming Anxiety | Jonas Kolker | TEDxTheMastersSchool,"Jonas Kolker's talk will explore the concept of ""embracing the suck."" How does one turn a diagnosis into activism, empowerment and coaching? Jonas Kolker is ...",A1anXJhVamc,11589,171,5,5,TEDx Talks,1647594251,322,8471295
Dulces Son Los Frutos de la Adversidad | Karla Souza | TEDxCalzadaDeLosHeroes,"Existen estereotipos y paradigmas sobre ciertas carreras y sobre la manera en la que uno puede llegar a alcanzar el exito. En su platica, la actriz Karla Souza ...",kz6GON4ykNo,2270765,52777,658,1249,TEDx Talks,1647594251,322,8471295
Select the right relationship | Alexandra Redcay | TEDxUpperEastSide,"Are you ready to talk about relationships? Alexandra Redcay is the executive director to Serise, Inc. She can be found at Seriseinc.com. Alexandra has over 18 ...",jodhovumkHQ,1725436,17951,934,735,TEDx Talks,1647594251,322,8471295
[(TEDChu Pin )] Tian Ti Fei Zhu Liu Kai Xin You 310 Chui Feng Liu Da UD,"Mo Shou Zheng Ba TED Guan Fang Pin Dao V3 Da Jia Hao ,Wo Shi TED! Yi Hou De Suo You Shi Pin Du Hui Zai Zhe Ge V3Zhu Pin Dao Yi Yi Shang Chuan ,Tong Bu Geng Xin ! V3 (Zhu Pin Dao ) https://www.youtube.com/channel/UCQ...",8yyrBu-9X0U,880,6,0,1,Mo Shou Zheng Ba TED Guan Fang Pin Dao  V3,582508,0,1664
TED | Magyar szinkron,Vigj.,AxsJA7NExss,345174,1023,63,22,Mr Templom,587067,0,339
Ted 2 Best Scenes,Ted 2 Best Scenes.,4a5R0UzFpLA,2856819,16989,496,1417,THESSALONIAN31N,59101993,0,34158
The human insights missing from big data | Tricia Wang,"Why do so many companies make bad decisions, even with access to unprecedented amounts of data? With stories from Nokia to Netflix to the oracles of ...",pk35J2u8KqY,52141,1190,80,76,TED,851185597,4912,7644073
What you are missing while being a digital zombie | Patrik Wincent | TEDxStockholm,"In a hyperconnected world, where mobile devices have become appendices to our body and people check their social media accounts hundreds of times a day, ...",TAIxb42FjwE,127273,2754,155,199,TEDx Talks,1647594251,322,8471294
How cohousing can make us happier (and live longer) | Grace Kim,"Loneliness doesn't always stem from being alone. For architect Grace Kim, loneliness is a function of how socially connected we feel to the people around us ...",mguvTfAw4wk,164871,4041,775,890,TED,851185597,4912,7644073
Peter Weyland's 2023 TED Talk,Peter Weyland addresses the crowd at the 2023 TED Talks. For more information on Weyland Industries visit: https://www.weylandindustries.com/,dQpGwnN3dfc,1062783,3968,84,661,Prometheus,12320394,64,6728
Ted Bande Annonce VF,"Ted Bande Annonce VF. Rejoignez nous sur Facebook ! http://FB.com/Filmsactu & http://twitter.com/FilmsActu ! Decouvrez donc Ted, ce ""nounours"" vraiment pas ...",esfilNg464I,4083639,10001,483,767,FilmsActu,1326607747,113,1683510
"Sen Ataturk'sun, Senin Elin Kanar mi? | Ahmet Nac | TEDxIstanbul","Klasik bir ilkokul sinifini alip harikalar yaratan yeni nesil ogretmen Ahmet Nac, bizi tekrar ilkokul birinci sinifa goturuyor ve Ataturk'un hayatini farkli bir bakis ...",QLktoBwoCH8,888627,22787,415,752,TEDx Talks,1647594251,322,8471294
The greatest TED Talk ever sold - Morgan Spurlock,"With humor and persistence, filmmaker Morgan Spurlock dives into the hidden but influential world of brand marketing on his quest to make a completely ...",Y2jyjfcp1as,3082631,19203,1353,810,TED-Ed,691645424,227,4933236
This is what happens when you reply to spam email | James Veitch,"Suspicious emails: unclaimed insurance bonds, diamond-encrusted safe deposit boxes, close friends marooned in a foreign country. They pop up in our inboxes ...",_QdPW8JrYzQ,14070340,338759,8328,9663,TED,851185597,4912,7644074
The power of vulnerability | Brene Brown,"http://www.ted.com Brene Brown studies human connection -- our ability to empathize, belong, love. In a poignant, funny talk at TEDxHouston, she shares a ...",iCvmsMzlF7o,6509741,67983,1363,1920,TED,851185597,4912,7644074
Why I live a zero waste life | Lauren Singer | TEDxTeen,"Lauren is an Environmental Studies graduate from NYU and former Sustainability Manager at the NYC Department of Environmental Protection, and the amount ...",pF72px2R3Hg,1040157,26440,445,1585,TEDx Talks,1647594251,322,8471294
TED Trailer Oficial Subtitulado,"Estreno en Mexico: 14 de sept, 2012. TED es la primera pelicula del creador de la exitosa serie animada Family Guy, Seth MacFarlane. En esta historia, el ...",6hDgDN7z7Rs,2959372,3898,166,342,universalpicturesmx,446790885,496,620047
[(TEDChu Pin )] Tian Ti Fei Zhu Liu Kai Xin You 307 Xiu De Fei Qi  TED vs alydvd,"Mo Shou Zheng Ba TED Guan Fang Pin Dao V3 Da Jia Hao ,Wo Shi TED! Yi Hou De Suo You Shi Pin Du Hui Zai Zhe Ge V3Zhu Pin Dao Yi Yi Shang Chuan ,Tong Bu Geng Xin ! V3 (Zhu Pin Dao ) https://www.youtube.com/channel/UCQ...",bPI2dALUHkI,840,5,0,0,Mo Shou Zheng Ba TED Guan Fang Pin Dao  V3,582508,0,1664
"Ted - Trailer italiano ufficiale (2012) | Da Seth MacFarlane, creatore de ""I Griffin""","https://www.facebook.com/pages/Ted-Il-film/366714043346321 https://twitter.com/ted_ilfilm Guarda il trailer italiano di Ted, il primo film di scritto, diretto e ...",NqGBklwzZm4,4790561,11286,468,1178,Universal Pictures International Italy,264741886,218,176182
[(TEDChu Pin )] Chao Yue Xie Wen !Wo Yao Yi Ge Da Shi Yi Ge !1V11Feng Kuang Jie Meng Dian Nao !,"Mo Shou Zheng Ba TED Guan Fang Pin Dao V3 Da Jia Hao ,Wo Shi TED! Yi Hou De Suo You Shi Pin Du Hui Zai Zhe Ge V3Zhu Pin Dao Yi Yi Shang Chuan ,Tong Bu Geng Xin ! V3 (Zhu Pin Dao ) https://www.youtube.com/channel/UCQ...",dgZblv6Lnno,1375,15,1,7,Mo Shou Zheng Ba TED Guan Fang Pin Dao  V3,582508,0,1664
My escape from North Korea | Hyeonseo Lee,"As a child growing up in North Korea, Hyeonseo Lee thought her country was ""the best on the planet."" It wasn't until the famine of the 90s that she began to ...",PdxPCeWw75k,5594384,116474,1731,9862,TED,851185597,4912,7644074
How I built a bitcoin empire | Marco Streng | TEDxTrinityCollegeDublin,"""How I built a bitcoin empire"" looks at how a simple college kid from Germany had his life turned upside down by the 'rush for gold' of the 21st century. Marco is ...",cVxi2CQcXZo,240229,2262,220,453,TEDx Talks,1647594251,322,8471294
TDAH - Uma pessoa que faz muita coisa ao mesmo tempo | Haroldo Guimaraes | TEDxFortaleza,"Haroldo nos mostra atraves de uma emocionante e bem humorada palestra, um pouco da sua trajetoria e como utilizou o TDAH (Transtorno do Deficit de ...",ekyIkGxoDt4,154415,6492,134,212,TEDx Talks,1647594251,322,8471294
How to Be Happy Every Day: It Will Change the World | Jacqueline Way | TEDxStanleyPark,"The World Happiness Report states ""Over 1 billion adults suffer from anxiety and depression."" How do we get to happy? Jacqueline Way, Founder of ...",78nsxRxbf4w,505680,7628,316,509,TEDx Talks,1647594251,322,8471295
Travel More & Buy Less. | Luis Vargas | TEDxPortland,"We live in a world of consumption. Before you buy your next item for your ""man cave"" or ""she shed,"" think again. Adventure and exploration is the best way to ...",AlCqyZEXM1I,604562,17085,335,497,TEDx Talks,1647594251,322,8471295
Tony Robbins' TED Talk,"Find out what drives you? Take the quiz: http://tonyr.co/2kScZ5W Watch Tony's famous TED Talk, with a surprise guest in the audience. -Visit Tony Robbins' ...",BwFOwyoH-3g,619487,3805,83,274,Tony Robbins,8881519,68,334706
Ted Funniest Scenes/Lines HD - UPDATED VERSION!!!!,This is an updated version!!!!!!! I got a mixture of some of the funniest scenes and lines from Ted. There are no spoilers. I own ABSOLUTLEY NOTHING!,NVIYL71ZtRo,14004307,57210,2934,4694,crazymoviekid,35385957,28,26603
Uber's plan to get more people into fewer cars | Travis Kalanick,"Uber didn't start out with grand ambitions to cut congestion and pollution. But as the company took off, co-founder Travis Kalanick wondered if there was a way to ...",pb--rJGgVIo,167517,2634,351,440,TED,851185597,4912,7644074
How great leaders inspire action | Simon Sinek,"http://www.ted.com Simon Sinek presents a simple but powerful model for how leaders inspire action, starting with a golden circle and the question ""Why?",qp0HIF3SfI4,6431383,54082,1375,2195,TED,851185597,4912,7644074
Learning how to learn | Barbara Oakley | TEDxOaklandUniversity,"This talk was given at a local TEDx event, produced independently of the TED Conferences. Engineering professor Barbara Oakley is co-teaching one of the ...",O96fE1E-rf8,593064,8983,118,330,TEDx Talks,1647594251,322,8471296
I grew up in the Westboro Baptist Church. Here's why I left | Megan Phelps-Roper,What's it like to grow up within a group of people who exult in demonizing ... everyone else? Megan Phelps-Roper shares details of life inside America's most ...,bVV2Zk88beY,2408281,83704,1420,8895,TED,851185597,4912,7644074
How to stop screwing yourself over | Mel Robbins | TEDxSF,"Never miss a talk! SUBSCRIBE to the TEDx channel: http://bit.ly/1FAg8hB Mel Robbins is a married working mother of three, an ivy-educated criminal lawyer, ...",Lp7E973zozc,10328483,134064,5317,4950,TEDx Talks,1647594251,322,8471296
An epidemic of beauty sickness | Renee Engeln | TEDxUConn 2013,Girls grow up hearing both implicit and explicit messages suggesting that the most important attribute they can strive for is beauty. The chronic focus on beauty ...,63XsokRPV_Y,402143,8220,190,627,TEDx Talks,1647594251,322,8471296
A climate solution where all sides can win | Ted Halstead,"Why are we so deadlocked on climate, and what would it take to overcome the seemingly insurmountable barriers to progress? Policy entrepreneur Ted ...",ta2Wvy9F_gA,82447,2589,249,687,TED,851185597,4912,7644074
Andrew Stanton: The clues to a great story,"http://www.ted.com Filmmaker Andrew Stanton (""Toy Story,"" ""WALL-E"") shares what he knows about storytelling -- starting at the end and working back to the ...",KxDwieKpawg,707085,11609,164,480,TED,851185597,4912,7644074
Design for All 5 Senses | Jinsop Lee | TED Talks,"Good design looks great, yes -- but why shouldn't it also feel great, smell great and sound great? Designer Jinsop Lee (a TED Talent Search winner) shares his ...",N6wjC0sxD2o,238082,4330,148,316,TED,851185597,4912,7644074
A 12-year-old app developer | Thomas Suarez,"Most 12-year-olds love playing videogames -- Thomas Suarez taught himself how to create them. After developing iPhone apps like ""Bustin Jeiber,"" a ...",Fkd9TWUtFm0,4172162,43841,3207,0,TED,851185597,4912,7644074
Ted - las mejores escenas espanol Latino,pelicula 720p online: http://www.pelisplus.tv/pelicula/ted/ TED VS John: https://www.youtube.com/watch?v=RNJISVcpKnI.,9dBlmbZSm3g,5171411,25797,1394,600,FABIAN.ATTACK,6268423,0,6376
Why Kids Hate School?: Nikhil Goyal at TEDxYouth@BFS,Nikhil Goyal is an activist and author. He lives in New York. Visit his site: www.nikhilgoyal.me. Please consider signing up for his monthly newsletter: ...,VEvg2zBYWtU,201979,1693,84,537,TEDxYouth,23359580,69,268036
"TED Talk 2016: Brian Peccarelli, Thomson Reuters Tax & Accounting","Thomson Reuters, a global sponsor of TED2016, is pleased to bring you a talk from Tax & Accounting President Brian Peccarelli who asks the question, ""Would ...",V9eytU5QeBE,3622,36,0,0,ONESOURCEglobal,764592,0,782
What rivers can tell us about the earth's history | Liz Hajek,"Rivers are one of nature's most powerful forces -- they bulldoze mountains and carve up the earth, and their courses are constantly moving. Understanding how ...",1o9NEtA2IEQ,51854,1143,46,85,TED,851185597,4912,7644074
Questions No One Knows the Answers to (Full Version),"In the first of a new TED-Ed series designed to catalyze curiosity, TED Curator Chris Anderson shares his boyhood obsession with quirky questions that seem to ...",7SWvDHvWXok,9762824,132205,7309,19635,TED-Ed,691645424,227,4933236
Ted Hilarious Bloopers & Funny Scenes Ft. Mark Wahlberg & Mila Kunis,How many of you Like Mark Wahlberg & Mila Kunis? Let us know in the COMMENT section below. Please SUBSCRIBE for More Ted Movie Updates. I'm Filmy is ...,-eRomwaaJlw,781,10,0,0,I'm FIlmy Official,7067043,0,14690
You can grow new brain cells. Here's how | Sandrine Thuret,"Can we, as adults, grow new neurons? Neuroscientist Sandrine Thuret says that we can, and she offers research and practical advice on how we can help our ...",B_tjKYvEziI,1374886,17270,397,725,TED,851185597,4912,7644074
"TED La ninera EN VIVO, serie latino, las 24 horas, todas las temporadas TED","04-07-17 AGREGADA 6TA TEMPORADA LATINO TED La ninera, serie latino, las 24 horas, solo por este canal. todas las temporadas TED No te ...",c0KVAO9y13g,741646,2755,236,3,El Ninero Latino Series,3851052,0,29832
Rethinking infidelity ... a talk for anyone who has ever loved | Esther Perel,"Infidelity is the ultimate betrayal. But does it have to be? Relationship therapist Esther Perel examines why people cheat, and unpacks why affairs are so ...",P2AUat93a8Q,3866128,44677,1983,3424,TED,851185597,4912,7644074
The surprising science of happiness | Dan Gilbert,"http://www.ted.com Dan Gilbert, author of Stumbling on Happiness, challenges the idea that we'll be miserable if we don't get what we want. Our ""psychological ...",4q1dgn_C0AU,1999295,15363,524,767,TED,851185597,4912,7644074
The way we think about charity is dead wrong | Dan Pallotta,"Activist and fundraiser Dan Pallotta calls out the double standard that drives our broken relationship to charities. Too many nonprofits, he says, are rewarded for ...",bfAzi6D5FpM,505252,7241,331,1111,TED,851185597,4912,7644074
Aprende colores con Ted el Tren en la Playa ! | Dibujos educativos para ninas y ninos,"Suscribete para que las ninas y los ninos aprendan los numeros, las formas, las letras y los colores mientras se divierten con Dino el Dinosaurio, los Mini ...",dailn0HI86s,24635,0,0,3,Aprender con Dino,90159700,0,0
Stop searching for your passion | Terri Trespicio | TEDxKC,What are you passionate about? You're told these five words hold the key to a successful career and life purpose. What if it's the wrong question altogether?,6MBaFL7sCb8,2984496,69631,1690,2697,TEDx Talks,1647594251,322,8471295
Why good leaders make you feel safe | Simon Sinek,"What makes a great leader? Management theorist Simon Sinek suggests, it's someone who makes their employees feel secure, who draws staffers into a circle ...",lmyZMtPVodo,1774976,20478,347,408,TED,851185597,4912,7644074
"My Daughter, Malala | Ziauddin Yousafzai | TED Talks",Pakistani educator Ziauddin Yousafzai reminds the world of a simple truth that many don't want to hear: Women and men deserve equal opportunities for ...,h4mmeN8gv9o,461776,8472,181,424,TED,851185597,4912,7644074
How not to be ignorant about the world | Hans and Ola Rosling,"How much do you know about the world? Hans Rosling, with his famous charts of global population, health and income data (and an extra-extra-long pointer), ...",Sm5xF-UYgdg,1093418,12600,368,899,TED,851185597,4912,7644074
How to Make Foam Look like leather,A fun simple way to make your foam look like leather. After heating up your foam push your aluminum foil into foam for that leather texture. What really brings it to ...,ape0mh-aI5A,2249,321,1,21,Evil Ted Smith,4854418,2,141965
Everything you think you know about addiction is wrong | Johann Hari,What really causes addiction -- to everything from cocaine to smart-phones? And how can we overcome it? Johann Hari has seen our current methods fail ...,PY9DcIMGxMs,3190436,65995,1142,4928,TED,851185597,4912,7644074
Xiang Xin Ni Neng Jin Bu De Li Liang (TedYan Jiang  Zhong Wen Zi Mu )Cheng Chang Xing Si Wei  Growth mindset,"Qia Luo *De Wei Ke Yan Jiu [Cheng Chang Xing Si Wei ] --Ji Wo Men Neng Fa Zhan Wo Men Da Nao Xue Xi Ji Jie Jue Wen Ti De Neng Li . Ta Zai Ci Yan Jiang Zhong ,Miao Shu Zai Mian Dui Nan Du Shao Wei Tai Gao De Wen Ti Shi ,You Liang Zhong Si Kao De ...",PfX1YpHzr64,82704,696,13,43,Li Yan Fu ,5607654,0,21982
Why the only future worth building includes everyone | Pope Francis,"Turn on subtitles, available in more than 20 languages, using the CC button in the bottom right of your screen.) A single individual is enough for hope to exist, ...",36zrJfAFcuc,607459,13956,1203,2116,TED,851185597,4912,7644074
A simple new blood test that can catch cancer early | Jimmy Lin,Jimmy Lin is developing technologies to catch cancer months to years before current methods. He shares a breakthrough technique that looks for small signals ...,nO69Njad-ec,51328,1812,34,149,TED,851185597,4912,7644074
"""Rollercoaster"" | Sara Ramirez","Singer, songwriter and actress Sara Ramirez is a woman of many talents. Joined by Michael Pemberton on guitar, Ramirez sings of opportunity, wisdom and the ...",-GhVGZVcME8,61157,1294,211,128,TED,851185597,4912,7644074
The power of listening | William Ury | TEDxSanDiego,"This talk was given at a local TEDx event, produced independently of the TED Conferences. William Ury explains how listening is the essential, and often ...",saXfavo1OQo,340997,2951,58,122,TEDx Talks,1647594251,322,8471296
Plus-size? More Like My Size | Ashley Graham | TEDxBerkleeValencia,"Internationally-known body activist, model and entrepreneur, Ashley Graham, describes her journey into fashion industry stardom. She doesn't leave out any ...",xAgawjzimjc,1849539,30157,1302,2985,TEDx Talks,1647594251,322,8471296
kyf tHsn lGtk lnjlyzyh mn khll fydywht TED ?,"n sh llh lnhrd fydyw khfyf lknh mfyyyyyyyd bSwrh khylyh , hnt`lm lnhrd Tryqh shlh , sry`h w `mlyh...",gt2r2Xu8cm8,390538,15641,202,892,drws 'wnlyn,34160885,1,809008
Why city flags may be the worst-designed thing you've never noticed | Roman Mars,"Roman Mars is obsessed with flags -- and after you watch this talk, you might be, too. These ubiquitous symbols of civic pride are often designed, well, pretty ...",pnv5iKB2hl4,3010074,56988,2505,4404,TED,851185597,4912,7644074
How Arduino is open-sourcing imagination | Massimo Banzi,"http://www.ted.com Massimo Banzi helped invent the Arduino, a tiny, easy-to-use open-source microcontroller that's inspired thousands of people around the ...",UoBUXOOdLXY,553837,4937,45,201,TED,851185597,4912,7644074
"You smell with your body, not just your nose | Jennifer Pluznick","Do your kidneys have a sense of smell? Turns out, the same tiny scent detectors found in your nose are also found in some pretty unexpected places -- like your ...",bJkv9b9o9lo,60461,1209,84,142,TED,851185597,4912,7644074
3 tips to boost your confidence - TED-Ed,View full lesson: http://ed.ted.com/lessons/3-tips-to-boost-your-confidence-ted-ed Made in partnership with the Always #LikeAGirl campaign. When faced with a ...,l_NYrWqUR40,3391856,74291,2863,3079,TED-Ed,691645424,227,4933235
How AI can bring on a second Industrial Revolution | Kevin Kelly,"""The actual path of a raindrop as it goes down the valley is unpredictable, but the general direction is inevitable,"" says digital visionary Kevin Kelly -- and ...",IjbTiRbeNpM,183425,4022,168,443,TED,851185597,4912,7644074
Astroturf and manipulation of media messages | Sharyl Attkisson | TEDxUniversityofNevada,"In this eye-opening talk, veteran investigative journalist Sharyl Attkisson shows how astroturf, or fake grassroots movements funded by political, corporate, ...",-bYAQ-ZZtEU,857778,9936,266,1635,TEDx Talks,1647594251,322,8471297
Do schools kill creativity? | Sir Ken Robinson,http://www.ted.com Sir Ken Robinson makes an entertaining and profoundly moving case for creating an education system that nurtures (rather than ...,iG9CE55wbtY,12982699,124092,1772,9095,TED,851185597,4912,7644074
"Connected, but alone? | Sherry Turkle","http://www.ted.com As we expect more from technology, do we expect less from each other? Sherry Turkle studies how our devices and online personas are ...",t7Xr3AsBEK4,564023,6736,260,740,TED,851185597,4912,7644074
Top hacker shows us how it's done | Pablos Holman | TEDxMidwest,Never miss a talk! SUBSCRIBE to the TEDx channel: http://bit.ly/1FAg8hB You think your wireless and other technology is safe? From Blue Tooth to automobile ...,hqKafI7Amd8,15254430,137499,5147,5655,TEDx Talks,1647594251,322,8471297
"New bionics let us run, climb and dance | Hugh Herr","Hugh Herr is building the next generation of bionic limbs, robotic prosthetics inspired by nature's own designs. Herr lost both legs in a climbing accident 30 years ...",CDsNZJTWw0w,4720495,71988,1022,4389,TED,851185597,4912,7644074
Why we have too few women leaders | Sheryl Sandberg,http://www.ted.com Facebook COO Sheryl Sandberg looks at why a smaller percentage of women than men reach the top of their professions -- and offers 3 ...,18uDutylDa4,1806952,15340,2204,3889,TED,851185597,4912,7644075
The unheard story of David and Goliath | Malcolm Gladwell,"It's a classic underdog tale: David, a young shepherd armed only with a sling, beats Goliath, the mighty warrior. The story has transcended its biblical origins to ...",ziGD7vQOwl8,844026,9318,1254,1697,TED,851185597,4912,7644075
A rich life with less stuff | The Minimalists | TEDxWhitefish,"Never miss a talk! SUBSCRIBE to the TEDx channel: http://bit.ly/1FAg8hB Joshua Fields Millburn and Ryan Nicodemus, better known to their 2 million readers ...",GgBpyNsS-jU,2644070,32281,863,1710,TEDx Talks,1647594251,322,8471297
The astounding athletic power of quadcopters | Raffaello D'Andrea,"In a robot lab at TEDGlobal, Raffaello D'Andrea demos his flying quadcopters: robots that think like athletes, solving physical problems with algorithms that help ...",w2itwFJCgFQ,7000888,64785,1099,3408,TED,851185597,4912,7644075
Your elusive creative genius | Elizabeth Gilbert,"Find an accurate transcript (and subtitles in 46 languages) on ted.com: http://www.ted.com/talks/elizabeth_gilbert_on_genius/transcript?language=en ""Eat, Pray, ...",86x-u-tz0MA,3098518,28668,1079,2227,TED,851185597,4912,7644075
"An Art Made of Trust, Vulnerability and Connection | Marina Abramovic | TED Talks",Marina Abramovic's art pushes the boundary between audience and artist in pursuit of heightened consciousness and personal change. In her groundbreaking ...,M4so_Z9a_u0,398406,7186,914,993,TED,851185597,4912,7644075
The Power of belief -- mindset and success | Eduardo Briceno | TEDxManhattanBeach,"The way we understand our intelligence and abilities deeply impacts our success. Based on social science research and real life examples, Eduardo Briceno ...",pN34FNbOKXc,2281455,20707,432,697,TEDx Talks,1647594251,322,8471297
The happy secret to better work | Shawn Achor,"http://www.ted.com We believe that we should work to be happy, but could that be backwards? In this fast-moving and entertaining talk from TEDxBloomington, ...",fLJsdqxnZb0,1933193,20859,262,671,TED,851185597,4912,7644075
"Banned TED Talk: Nick Hanauer ""Rich people don't create jobs""","Via Business Insider: ""As the war over income inequality wages on, super-rich Seattle entrepreneur Nick Hanauer has been raising the hackles of his fellow ...",CKCvf8E7V1g,2600172,43801,2907,10859,Zubenelgenubiii,3218301,2,5845
?Que hace unico a un gran comunicador? | Javier Cebreiros | TEDxMirasierra,"Autor del libro ""Olvida tu lenguaje corporal"", Javier es doctorando en comunicacion. Graduado en Direccion de Empresas y master en Investigacion en ...",diz6S0LEvfA,223191,3427,60,118,TEDx Talks,1647594251,322,8471297
The puzzle of motivation | Dan Pink,"http://www.ted.com Career analyst Dan Pink examines the puzzle of motivation, starting with a fact that social scientists know but most managers don't: ...",rrkrvAUbU9Y,6201028,39152,1097,2451,TED,851185597,4912,7644075
[(Warcraft 3)] Wan Hui Yan Mian ORZai Zao Can Bai ?!1V11Feng Kuang Jie Meng Dian Nao !Wo Yao Yi Ge Da Shi Yi Ge !,"Mo Shou Zheng Ba TED Guan Fang Pin Dao V3 Da Jia Hao ,Wo Shi TED! Yi Hou De Suo You Shi Pin Du Hui Zai Zhe Ge V3Zhu Pin Dao Yi Yi Shang Chuan ,Tong Bu Geng Xin ! V3 (Zhu Pin Dao ) https://www.youtube.com/channel/UCQ...",aXG2SCa94nk,1260,17,0,3,Mo Shou Zheng Ba TED Guan Fang Pin Dao  V3,582508,0,1664
"Relationships Are Hard, But Why? | Stan Tatkin | TEDxKC","Relationships are hard. But what if it's not you or them or sex, money or even who picks up the socks. What if there is a far more primitive reason? In this talk ...",2xKXLPuju8U,295971,8326,104,112,TEDx Talks,1647594251,322,8471297
"TED@NYC Oct. 2013, Amnon Shashua presenting OrCam",,_3XVsCsscyw,6062,29,0,3,Amnon Shashua,174522,0,511
Design at the Intersection of Technology and Biology | Neri Oxman | TED Talks,Designer and architect Neri Oxman is leading the search for ways in which digital fabrication technologies can interact with the biological world. Working at the ...,CVa_IZVzUoc,102709,2645,64,207,TED,851185597,4912,7644075
Why humans run the world | Yuval Noah Harari,"Seventy thousand years ago, our human ancestors were insignificant animals, just minding their own business in a corner of Africa with all the other animals.",nzj7Wg4DAbs,487446,8721,371,1143,TED,851185597,4912,7644075
The Enchanting Music of Sign Language | Christine Sun Kim | TED Talks,"Artist Christine Sun Kim was born deaf, and she was taught to believe that sound wasn't a part of her life, that it was a hearing person's thing. Through her art ...",2Euof4PnjDk,150059,5359,41,214,TED,851185597,4912,7644075
Banned TED Talk: The Science Delusion - Rupert Sheldrake at TEDx Whitechapel,"Re-uploaded (again, just in case), since TED's Chris Anderson censored Rupert Sheldrake, along with Graham Hancock, and removed this video and Hancock's ...",1TerTgDEgUE,1768659,22018,6588,13187,Tom Huston,1761623,0,3827
Inspiring the next generation of female engineers | Debbie Sterling | TEDxPSU,"Close your eyes and picture and engineer. You probably weren't envisioning Debbie Sterling. Debbie Sterling is an engineer and founder of GoldieBlox, a toy ...",FEeTLopLkEo,564475,9054,259,659,TEDx Talks,1647594251,322,8471297
TED 2 Bande Annonce VF Officielle,"Joey Starr de retour dans la peau du nounours pervers et dejante !  Toutes les videos de TED 2 ici > http://bit.ly/TED2-Fr Amateur de comedies ""LOL"" ?",_ufFC9JA8zk,3796159,13283,474,472,FilmsActu,1326607747,113,1683512
My stroke of insight | Jill Bolte Taylor,"http://www.ted.com Neuroanatomist Jill Bolte Taylor had an opportunity few brain scientists would wish for: One morning, she realized she was having a massive ...",UyyjU8fzEYU,4583196,32282,881,4366,TED,851185597,4912,7644075
What I learned from going blind in space | Chris Hadfield,"There's an astronaut saying: In space, ""there is no problem so bad that you can't make it worse."" So how do you deal with the complexity, the sheer pressure, ...",Zo62S0ulqhA,2784256,65230,563,2865,TED,851185597,4912,7644075
Listening to shame | Brene Brown,"http://www.ted.com Shame is an unspoken epidemic, the secret behind many forms of broken behavior. Brene Brown, whose earlier talk on vulnerability became ...",psN1DORYYV0,1934406,20715,441,643,TED,851185597,4912,7644075
Yang Lan: The generation that's remaking China,"http://www.ted.com Yang Lan, a journalist and entrepreneur who's been called ""the Oprah of China,"" offers insight into the next generation of young Chinese ...",c-sxBTNF2U8,187401,1519,131,417,TED,851185597,4912,7644075
Ted 2 - Funniest Bloopers,Bloopers from famous comedy movie TED and TED 2. Enjoy the video! Don't miss the fun! Entertainment is here! Stay Tuned For More! *MUST CHECKOUT THE ...,GRKxy-c_jao,1100473,2124,348,88,Desaur Studios,49113368,0,40212
New Perspectives - What's Wrong with TED Talks? Benjamin Bratton at TEDxSanDiego 2013 - Re:Think,"Benjamin Bratton, Associate Professor of Visual Arts at UCSD and Director of The Center for Design and Geopoltics at CALIT2, asks: Why don't the bright futures ...",Yo5cKRmJaf0,493547,5393,216,755,TEDx Talks,1647594251,322,8471298
Hackschooling makes me happy | Logan LaPlante | TEDxUniversityofNevada,"Never miss a talk! SUBSCRIBE to the TEDx channel: http://bit.ly/1FAg8hB When 13 year-old Logan LaPlante grows up, he wants to be happy and healthy.",h11u3vtcpaY,9637463,73559,1904,6841,TEDx Talks,1647594251,322,8471298
High TED Talks,Highdeas worth sharing. See more http://www.collegehumor.com LIKE us on: http://www.facebook.com/collegehumor FOLLOW us on: ...,-mha1uuMr6k,1181854,22107,694,1350,CollegeHumor,5644085732,9156,11942492
Ted - Trailer deutsch / german - von Seth MacFarlane (Family Guy) HD,Jetzt hier abonnieren  http://smarturl.it/UniversalPicturesDE Jetzt auf Blu-ray & DVD - http://www.facebook.com/ted.film.DE Family-Guy-Erfinder Seth ...,S7VgkP_p5mc,3680408,7636,384,928,Universal Pictures Germany,201584938,462,89812
Steal Like An Artist: Austin Kleon at TEDxKC,"Austin Kleon's talk ""Steal Like An Artist"" is a creative manifesto based on 10 things he wish he'd heard when he was starting out. Austin is a writer and artist.",oww7oB9rjgw,418991,6546,142,238,TEDx Talks,1647594251,322,8471298
We should all be feminists | Chimamanda Ngozi Adichie | TEDxEuston,Never miss a talk! SUBSCRIBE to the TEDx channel: http://bit.ly/1FAg8hB http://www.tedxeuston.com Chimamanda Ngozi Adichie a renowned Nigerian novelist ...,hg3umXU_qWc,4148507,101313,16931,22230,TEDx Talks,1647594251,322,8471298
Salman Khan talk at TED 2011 (from ted.com),Salman Khan talk at TED 2011 (from ted.com) More free lessons at: http://www.khanacademy.org/video?v=gM95HHI4gLk About Khan Academy Khan Academy ...,gM95HHI4gLk,4746496,26363,742,2297,Khan Academy,1193874955,21181,3272354
TED & TEDx Explained,TEDx is an international community that organizes TED-style events anywhere and everywhere -- celebrating locally-driven ideas and elevating them to a global ...,d0NHOpeczUU,1229824,1464,163,119,TEDx Talks,1647594251,322,8471298
Every kid needs a champion | Rita Pierson,"Rita Pierson, a teacher for 40 years, once heard a colleague say, ""They don't pay me to like the kids."" Her response: ""Kids don't learn from people they don't like.",SFnMTHhKdkw,2211300,19908,225,621,TED,851185597,4912,7644076
Ted & Robin - For the first time | how i met you mother [ITA],tu hai rubato un corno francese blu per me -per te potrei rubare un'orchestra intera Questo e il primo video che pubblico su questo canale riguardante una ...,WEYPHtS3JME,902,19,0,6,itsmarti,80535,0,96
What Islam really says about women | Alaa Murabit,"Alaa Murabit's family moved from Canada to Libya when she was 15. Before, she'd felt equal to her brothers, but in this new environment she sensed big ...",FETryXMpDl8,1075872,27140,4802,5326,TED,851185597,4912,7644076
Why fasting bolsters brain power: Mark Mattson at TEDxJohnsHopkinsUniversity,Mark Mattson is the current Chief of the Laboratory of Neurosciences at the National Institute on Aging. He is also a professor of Neuroscience at The Johns ...,4UkZAwKoCP8,2121069,17579,357,1256,TEDx Talks,1647594251,322,8471299
An Ode to Envy | Parul Sehgal | TED Talks,"What is jealousy? What drives it, and why do we secretly love it? No study has ever been able to capture its ""loneliness, longevity, grim thrill"" -- that is, says Parul ...",_x1qkuvUxuI,125267,2003,105,178,TED,851185597,4912,7644076
Brain chemistry lifehacks: Steve Ilardi at TEDxKC,TEDxKC 2013: Defy Impossible. Steve Ilardi is a clinical researcher with a passionate interest in improving treatment for mental illness. Steve is also the author ...,8bnniNxqB4w,363467,3793,108,199,TEDx Talks,1647594251,322,8471299
4 Lessons in Creativity | Julie Burstein | TED Talks,"Radio host Julie Burstein talks with creative people for a living -- and shares four lessons about how to create in the face of challenge, self-doubt and loss.",sY0Pf_pfqCI,261546,1721,246,174,TED,851185597,4912,7644076
Graham Hancock - The War on Consciousness BANNED TED TALK,Re-uploaded as TED have decided to censor Graham and remove this video from the TEDx youtube channel. Follow this link for TED's statement on the matter ...,Y0c5nIvJH7w,1551901,21784,621,4397,revolutionloveevolve,5080736,112,19358
Alem do Carnismo | Melanie Joy | TED Talks | legendado em portugues,"Apresentacao e desconstrucao do carnismo, pela Doutora Melanie Joy, mestre em educacao e doutorada em psicologia pela universidade de Harvard, ...",GzS0hSeKVFw,23462,740,15,45,Claudia Vantacich,71017,3,165
The danger of a single story | Chimamanda Ngozi Adichie,"http://www.ted.com Our lives, our cultures, are composed of many overlapping stories. Novelist Chimamanda Adichie tells the story of how she found her ...",D9Ihs241zeg,2886777,33279,472,1996,TED,851185597,4912,7644077
Debunking the paleo diet | Christina Warinner | TEDxOU,"TED Fellow Christina Warinner is an expert on ancient diets. So how much of the diet phad the ""Paleo Diet"" is based on an actual Paleolithic diet? The answer is ...",BMOjVYgYaG8,1557123,16074,2432,10653,TEDx Talks,1647594251,322,8471299
Why we do what we do | Tony Robbins,"Tony Robbins discusses the ""invisible forces"" that make us do what we do -- and high-fives Al Gore in the front row. TEDTalks is a daily video podcast of the best ...",Cpc-t-Uwv1I,11007442,56593,2818,6372,TED,851185597,4912,7644077
Ted 2 - Trailer Oficial Subtitulado [HD],Trailer oficial de Ted 2. Agosto 2015 en cines. Siguenos en Facebook en [https://www.facebook.com/yosoyTED] Siguenos en Twitter en @TedDice ...,UqbcKVIxOHM,6818980,13702,849,460,universalpicturesmx,446790885,496,620047
Feats of memory anyone can do | Joshua Foer,"http://www.ted.com There are people who can quickly memorize lists of thousands of numbers, the order of all the cards in a deck (or ten!), and much more.",U6PoUg7jXsA,882039,12738,195,706,TED,851185597,4912,7644077
Ted Plays Call of Duty!,As Ted gears up for the release of Ted 2 he gets really high on 4/20 and decides to play Black Ops 2 for the first time in a while on Johnny's Playstation. Watch as ...,xi_fxSTDj2o,12698740,171053,4437,7602,Azerrz,122573376,16,1552643
How the oceans can clean themselves: Boyan Slat at TEDxDelft,"18-year-old Boyan Slat combines environmentalism, entrepreneurism and technology to tackle global issues of sustainability. After diving in Greece, and coming ...",ROW9F-c0kIQ,2659662,21300,233,1653,TEDx Talks,1647594251,322,8471299
TED Talks Education,Found on: http://video.pbs.org/video/2365006219/ Hear inspiring leaders on the topic of learning in this TED project hosted by John Legend. Hear inspiring and ...,dilnw_dP3xk,473370,2206,94,121,Jathavan Sriram,515842,0,1714
Teach every child about food | Jamie Oliver,"http://www.ted.com Sharing powerful stories from his anti-obesity project in Huntington, W. Va., TED Prize winner Jamie Oliver makes the case for an all-out ...",go_QOzc79Uc,1057918,10993,1104,1169,TED,851185597,4912,7644077
Reggie Watts disorients you in the most entertaining way,http://www.ted.com Reggie Watts' beats defy boxes. Unplug your logic board and watch as he blends poetry and crosses musical genres in this larger-than-life ...,BdHK_r9RXTc,6652854,80711,2152,8367,TED,851185597,4912,7644077
Why don't perpetual motion machines ever work? - Netta Schramm,View full lesson: http://ed.ted.com/lessons/why-don-t-perpetual-motion-machines-ever-work-netta-schramm Perpetual motion machines -- devices that can do ...,A-QgGXbDyR0,1875307,44353,827,3239,TED-Ed,691645424,227,4933235
Keep your goals to yourself | Derek Sivers,"http://www.ted.com After hitting on a brilliant new life plan, our first instinct is to tell someone -- but Derek Sivers says it's better to keep goals secret. He presents ...",NHopJHSlVo4,780871,7379,147,528,TED,851185597,4912,7644077
The Space Between Self-Esteem and Self Compassion: Kristin Neff at TEDxCentennialParkWomen,"In the spirit of ideas worth spreading, TEDx is a program of local, self-organized events that bring people together to share a TED-like experience. At a TEDx ...",IvtZBUSplr4,830785,6878,198,428,TEDx Talks,1647594251,322,8471298
More than funny | Michael Jr. | TEDxUniversityofNevada,"With comedy, you not only laugh but you also gain understanding in a unique way. Comedy has a setup and then a punch line. The setup moves the audience in ...",twSvd5bQLDw,304212,6300,155,255,TEDx Talks,1647594251,322,8471298
Start with why -- how great leaders inspire action | Simon Sinek | TEDxPugetSound,Never miss a talk! SUBSCRIBE to the TEDx channel: http://bit.ly/1FAg8hB TEDx Puget Sound speaker - Simon Sinek - Start with Why: How Great Leaders Inspire ...,u4ZoJKF_VuA,3348288,25430,484,573,TEDx Talks,1647594251,322,8471299
Steve Austin responds to Ted DeBiase burying him,DAWN OF THE ATTITUDE ERA (BLU-RAY): ...,LwR8_Vichkc,16981,174,2,72,Wrestling Shoot Vault,5668611,0,8237
How CRISPR lets us edit our DNA | Jennifer Doudna,"Geneticist Jennifer Doudna co-invented a groundbreaking new technology for editing genes, called CRISPR-Cas9. The tool allows scientists to make precise ...",TdBAHexVYzc,404881,5815,136,657,TED,851185597,4912,7644077
What game theory teaches us about war | Simon Sinek,"What would happen if 'win' and 'lose' are no longer the only options when fighting a war? What if a third, more abstract ideal becomes the goal? And -- what if ...",0bFs6ZiynSU,169693,5033,285,288,TED Archive,6512634,0,40129
How playing an instrument benefits your brain - Anita Collins,"View full lesson: http://ed.ted.com/lessons/how-playing-an-instrument-benefits-your-brain-anita-collins When you listen to music, multiple areas of your brain ...",R0JKCYZ8hng,5710395,50639,487,2262,TED-Ed,691645424,227,4933235
Ted - Restricted Trailer,"http://tedisreal.com Family Guy creator Seth MacFarlane brings his boundary-pushing brand of humor to the big screen for the first time as writer, director and ...",aGW5gpMU9yo,6978010,41802,1336,6275,Ted,40620427,103,23887
Dr Joe Dispenza- TED Talks with Dr Joe Dispenza,"http://tinyurl.com/DrJoeDispenza Dr Joe Dispenza, D.C., studied biochemistry at Rutgers University in New Brunswick, N.J. He has a Bachelor of Science degree ...",W81CHn4l4AM,457653,3809,91,164,Lee Wiggins,457157,0,2137
What happens when you have a concussion? - Clifford Robbins,"View full lesson: https://ed.ted.com/lessons/what-happens-when-you-have-a-concussion-clifford-robbins Each year in the United States, players of sports and ...",xvjK-4NXRsM,356967,10509,112,613,TED-Ed,691645424,227,4933235
How to green the world's deserts and reverse climate change | Allan Savory,"""Desertification is a fancy word for land that is turning to desert,"" begins Allan Savory in this quietly powerful talk. And terrifyingly, it's happening to about ...",vpTHi7O66pI,1695041,35249,1182,5804,TED,851185597,4912,7644078
The Art of Stress-Free Productivity: David Allen at TEDxClaremontColleges,"Productivity guru and coach David Allen talks about ""Stress Free Productivity"" at TEDxClaremontColleges. About TEDx: In the spirit of ideas worth spreading, ...",CHxhjDPKfbY,1220724,11602,406,429,TEDx Talks,1647594251,322,8471299
How to build your creative confidence | David Kelley,"http://www.ted.com Is your school or workplace divided into ""creatives"" versus practical people? Yet surely, David Kelley suggests, creativity is not the domain of ...",16p9YRF0l-g,1345662,13683,271,561,TED,851185597,4912,7644078
How Do YOU Define Yourself    Lizzie Velasquez at TEDxAustinWomen,"n a time when beauty is defined by supermodels, success is defined by wealth, and fame is deified by how many followers you have on social media, Lizzie ...",c62Aqdlzvqk,11096558,120768,1204,13373,Lizzie Velasquez,60022387,3393,762378
[(TEDChu Pin )] Tian Ti Fei Zhu Liu Kai Xin You 308 Liang Ai Liao !Fov VS Infi!,"Mo Shou Zheng Ba TED Guan Fang Pin Dao V3 Da Jia Hao ,Wo Shi TED! Yi Hou De Suo You Shi Pin Du Hui Zai Zhe Ge V3Zhu Pin Dao Yi Yi Shang Chuan ,Tong Bu Geng Xin ! V3 (Zhu Pin Dao ) https://www.youtube.com/channel/UCQ...",-L-mKYp83dk,843,4,4,0,Mo Shou Zheng Ba TED Guan Fang Pin Dao  V3,582508,0,1664
Embrace the Shake | Phil Hansen | TED Talks,"In art school, Phil Hansen developed an unruly tremor in his hand that kept him from creating the pointillist drawings he loved. Hansen was devastated, floating ...",YrZTho_o_is,276580,4378,43,161,TED,851185597,4912,7644078
The Math Behind Basketball's Wildest Moves | Rajiv Maheswaran | TED Talks,"Basketball is a fast-moving game of improvisation, contact and, ahem, spatio-temporal pattern recognition. Rajiv Maheswaran and his colleagues are analyzing ...",66ko_cWSHBU,445717,3647,185,249,TED,851185597,4912,7644078
Minding your mitochondria | Dr. Terry Wahls | TEDxIowaCity,"Note from TED: This talk, which features health advice based on a personal narrative, has been flagged as potentially outside TED's curatorial guidelines.",KLjgBLwH3Wc,2783018,22010,588,2519,TEDx Talks,1647594251,322,8471299
Sam Hyde's 2070 Paradigm Shift,"Writing by Sam, Jan Rankoski, youtube.com/user/MrNapoleanMortimer, Andrew Ruse (Thanks, Computer!), and a bunch of other MDE fans PowerPoint ...",-yFhR1fKWG0,1454317,22873,835,3060,MillionDollarExtreme,25443289,235,117815
A Visual History of Human Knowledge | Manuel Lima | TED Talks,How does knowledge grow? Sometimes it begins with one insight and grows into many branches. Infographics expert Manuel Lima explores the thousand-year ...,BQZKs75RMqM,135693,1977,119,171,TED,851185597,4912,7644078
Richard Ledgett: The NSA responds to Edward Snowden's TED Talk,"After a surprise appearance by Edward Snowden at TED2014, Chris Anderson said: ""If the NSA wants to respond, please do."" And yes, they did. Appearing by ...",zLNXIXingyU,212857,1103,2906,1572,TED,851185597,4912,7644078
TED 2 Trailer German Deutsch (2015) Mark Wahlberg,"Offizieller ""Ted 2"" Trailer Deutsch German 2015 | Abonnieren  http://abo.yt/kc | (OT: Ted 2) Movie #Trailer | Kinostart: 25 Jul 2015 | Filminfos ...",l2SFgTVLBVA,4042232,21885,811,1185,KinoCheck,1145422211,51,1331584
Shia LaBeouf TED Talk,Shia gives a TED Talk on Motivation! Subscribe! Follow me @MichaelMcNeff on twitter. Thanks to #INTRODUCTIONS https://vimeo.com/125095515.,os6U77Hhm_s,3564498,22576,1902,2234,Michael McNeff,3570268,0,1206
Innovating to zero! | Bill Gates,"http://www.ted.com At TED2010, Bill Gates unveils his vision for the world's energy future, describing the need for ""miracles"" to avoid planetary catastrophe and ...",JaF-fq2Zn7I,1700218,11059,1269,4899,TED,851185597,4912,7644079
Why we should give everyone a basic income | Rutger Bregman | TEDxMaastricht,"This talk was given at a local TEDx event, produced independently of the TED Conferences. Rutger Bregman (1988) studied at Utrecht University and the ...",aIL_Y9g7Tg0,348131,5074,385,2116,TEDx Talks,1647594251,322,8471299
Buffy 2x11 - Ted Gets Mad At Buffy Playing Mini-Golf,"A scene from Buffy Season 2 Episode 11 (Ted) I DO NOT OWN THIS CREDIT GOES TOO... I do not own the copyrights contained in this video, I do not make ...",cZtmfWOsv_g,643,2,0,0,Laho Bo,46556661,632,22694
Building a psychologically safe workplace: Amy Edmondson at TEDxHGSE,"The Novartis Professor of Leadership and Management at Harvard Business School is well known for her work on teams. In the spirit of ideas worth spreading, ...",LhoLuui9gX8,147819,612,6,12,TEDx Talks,1647594251,322,8471299
How childhood trauma affects health across a lifetime | Nadine Burke Harris,"Childhood trauma isn't something you just get over as you grow up. Pediatrician Nadine Burke Harris explains that the repeated stress of abuse, neglect and ...",95ovIJ3dsNk,602075,10064,108,984,TED,851185597,4912,7644079
Why do we cry? The three types of tears - Alex Gendler,"View full lesson: http://ed.ted.com/lessons/why-do-we-cry-the-three-types-of-tears-alex-gendler Whether we cry during a sad movie, while chopping onions, ...",keMF8YzQoRM,3894812,27872,1404,2980,TED-Ed,691645424,227,4933236
How We Can Make the World a Better Place by 2030 | Michael Green | TED Talks,"Can we end hunger and poverty, halt climate change and achieve gender equality in the next 15 years? The governments of the world think we can. Meeting at ...",o08ykAqLOxk,187372,2862,211,457,TED,851185597,4912,7644079
Why Some of us Don't Have One True Calling | Emilie Wapnick | TEDxBend,"Have too many passions to settle on just one? Perfect. Your unique mix of interests may turn out to be your very own super power. Author, entrepreneur and ...",QJORi5VO1F8,286705,6049,57,386,TEDx Talks,1647594251,322,8471299
The Best of Ted Cruz,Take a look back at Ted Cruz's most memorable moments from his journey to the White House with this campaign supercut. Video by Vic Berger. Got an idea for ...,NcEiDY5qBbg,1301487,19064,1096,3536,Super Deluxe,178487337,0,875622
Science can answer moral questions | Sam Harris,"http://www.ted.com Questions of good and evil, right and wrong are commonly thought unanswerable by science. But Sam Harris argues that science can -- and ...",Hj9oB4zpHww,1273039,21477,1061,7582,TED,851185597,4912,7644079
The first 21 days of a bee's life | Anand Varma,We've heard that bees are disappearing. But what is making bee colonies so vulnerable? Photographer Anand Varma raised bees in his backyard -- in front of ...,6-tqiaPoS2U,664842,3399,123,220,TED,851185597,4912,7644079
How sugar affects the brain - Nicole Avena,"View full lesson: http://ed.ted.com/lessons/how-sugar-affects-the-brain-nicole-avena When you eat something loaded with sugar, your taste buds, your gut and ...",lEXBxijQREo,5603132,46735,1168,2146,TED-Ed,691645424,227,4933236
Daphne Koller: What we're learning from online education,"Daphne Koller is enticing top universities to put their most intriguing courses online for free -- not just as a service, but as a way to research how people learn.",U6FvJ6jMGHU,421510,6014,117,543,TED,851185597,4912,7644079
Want to be happy? Be grateful | David Steindl-Rast,"The one thing all humans have in common is that each of us wants to be happy, says Brother David Steindl-Rast, a monk and interfaith scholar. And happiness ...",UtBsl3j0YRQ,1553542,12260,1349,906,TED,851185597,4912,7644079
The paradox of choice | Barry Schwartz,"http://www.ted.com Psychologist Barry Schwartz takes aim at a central tenet of western societies: freedom of choice. In Schwartz's estimation, choice has made ...",VO6XEQIsCoM,2192796,19787,940,2747,TED,851185597,4912,7644079
The mystery box | JJ Abrams,"http://www.ted.com J.J. Abrams traces his love for the unseen mystery - a passion thats evident in his films and TV shows, including Cloverfield, Lost and Alias ...",vpjVgF5JDq8,645918,8980,219,816,TED,851185597,4912,7644079
Where good ideas come from | Steven Johnson,"http://www.ted.com People often credit their ideas to individual ""Eureka!"" moments. But Steven Johnson shows how history tells a different story. His fascinating ...",0af00UcTO-c,1238351,6550,179,350,TED,851185597,4912,7644079
What would happen if you didn't sleep? - Claudia Aguirre,"View full lesson: http://ed.ted.com/lessons/what-would-happen-if-you-didn-t-sleep-claudia-aguirre In the United States, it's estimated that 30 percent of adults ...",dqONk48l5vY,4251566,58682,660,6206,TED-Ed,691645424,227,4933236
"""TED CRUZ"" -- A Bad Lip Reading",It's time for a new kind of leader.... Like on Facebook! http://www.facebook.com/badlipreading Follow on Twitter! http://twitter.com/badlipreading.,v75wCTMZoSY,9426911,129287,2636,9886,Bad Lip Reading,860432713,5869,6285728
Surprising Lessons From 100 Days of Rejection: Jia Jiang at TEDxAustin,Chasing your dream requires you put everything out there and deal with the consequences. When aspiring entrepreneur Jia Jiang left corporate life to build his ...,ZFWyseydTkQ,458511,6166,78,267,TEDx Talks,1647594251,322,8471298
Two Monkeys Were Paid Unequally: Excerpt from Frans de Waal's TED Talk,"What happens when you pay two monkeys unequally? Watch what happens. An excerpt from the TED Talk: ""Frans de Waal: Moral behavior in animals."" Watch ...",meiU6TxysCg,12160563,42509,921,2352,TED Blog Video,18594290,5,17669
What makes a hero? - Matthew Winkler,View full lesson: http://ed.ted.com/lessons/what-makes-a-hero-matthew-winkler What trials unite not only Harry Potter or Frodo Baggins but many of literature's ...,Hhk4N9A0oCA,3383008,74651,522,3252,TED-Ed,691645424,227,4933236
What if 3D printing was 100x faster? | Joseph DeSimone,"What we think of as 3D printing, says Joseph DeSimone, is really just 2D printing over and over ... slowly. Onstage at TED2015, he unveils a bold new technique ...",ihR9SX7dgRo,779190,10186,140,933,TED,851185597,4912,7644079
What you don't know about marriage | Jenna McCarthy,"http://www.ted.com In this funny, casual talk from TEDx, writer Jenna McCarthy shares surprising research on how marriages (especially happy marriages) really ...",Y8u42OjH0ss,1681528,9748,4367,1567,TED,851185597,4912,7644079
"Mihaly Csikszentmihalyi: Flow, the secret to happiness","http://www.ted.com Mihaly Czikszentmihalyi asks, ""What makes a life worth living?"" Noting that money cannot make us happy, he looks to those who find ...",fXIeFJCqsPs,611453,3290,96,287,TED,851185597,4912,7644079
Thunder Buddy Song- Ted,"8 MILLION VIEWS!!!!! How amazing was Ted 2??? Look back at one of, if not the, greatest part of the first movie. The Thunder Buddy Song! The Thunder Buddy ...",G9PnNW56bp0,9768255,51981,1418,3920,David Dolgin,9769992,4,5558
The riddle of experience vs. memory | Daniel Kahneman,"http://www.ted.com Using examples from vacations to colonoscopies, Nobel laureate and founder of behavioral economics Daniel Kahneman reveals how our ...",XgRlrBl-7Yg,601659,5015,112,394,TED,851185597,4912,7644079
"Jane's Addiction- Ted, Just Admit It...","Off their studio debut ""Nothing's Shocking""",1CpRCc4Jre8,378496,2035,55,270,GrungeRiver,6430455,36,3498
Simon Sinek - Start With Why - TED Talk Short Edited,"Here's the link to the Original Version of this amazing, inspiring and thought provoking talk by Simon Sinek: Start with why - how great leaders inspire ...",IPYeCltXpxw,907346,2214,62,63,Chico Lima,907267,0,694
The best stats you've ever seen | Hans Rosling,"http://www.ted.com With the drama and urgency of a sportscaster, statistics guru Hans Rosling uses an amazing new presentation tool, Gapminder, to present ...",hVimVzgtD6w,2326255,15078,370,764,TED,851185597,4912,7644079
Clark - Ted,http://warp.net/records/clark The video for 'Ted' by 1stAveMachine. Visit throttleclark.com or 1stavemachine.com.,ymh13G8YgQE,894233,5240,65,465,Warp Records,62759804,572,124730
Ted Bear 2 - Cyanide & Happiness Shorts,Subscribe to Explosm! - http://bit.ly/13xgq7a Read Our Comics! - http://www.explosm.net/ Instagram: https://instagram.com/explosmofficial/ Twitter: ...,k0WbP2uLJPo,14129437,205979,2387,12871,ExplosmEntertainment,1846013490,923,7440513
Ted Says Relax,"Introducing Ted's brand new collection of luxurious loungewear: Ted Says Relax. Ultra-contemporary, whatever the altitude. Shop now: http://bit.ly/2fv4j88.",sOnWPr9wcz8,175,10,0,1,TED BAKER,16356209,2,10376
If I should have a daughter ... | Sarah Kay,"http://www.ted.com ""If I should have a daughter, instead of Mom, she's gonna call me Point B ... "" began spoken word poet Sarah Kay, in a talk that inspired two ...",0snNB1yS3IE,4762542,97983,1242,3356,TED,851185597,4912,7644079
"TEDxBloomington - Shawn Achor - ""The Happiness Advantage: Linking Positive Brains to Performance""","Shawn Achor is the winner of over a dozen distinguished teaching awards at Harvard University, where he delivered lectures on positive psychology in the most ...",GXy__kBVq1M,1314547,11195,148,323,TEDx Talks,1647594251,322,8471297
"SOULJOURNS - SOMETHING DIFFERENT, JODY CLEARY INTRODUCES TED HENRY","Nameste everyone! This is Jody Cleary here to tell you that due to many requests, I'm posting to Souljourns my husband Ted Henry's talk, given to the Sai Baba ...",P9izHq-Huto,662,31,0,5,Souljourns,2983299,51,9526
A guerilla gardener in South Central LA | Ron Finley,"Ron Finley plants vegetable gardens in South Central LA -- in abandoned lots, traffic medians, along the curbs. Why? For fun, for defiance, for beauty and to offer ...",EzZzZ_qpZ4w,742978,14672,96,1354,TED,851185597,4912,7644079
"Forget big change, start with a tiny habit: BJ Fogg at TEDxFremont","www.tedxfremont.com What if someone told you to floss only one tooth everyday? Or start the new year, not with grand resolutions, but with a simple challenge..",AdKUJxjn-R8,908131,8988,240,273,TEDx Talks,1647594251,322,8471298
What would happen if you didn't drink water? - Mia Nacamulli,"View full lesson: http://ed.ted.com/lessons/what-would-happen-if-you-didn-t-drink-water-mia-nacamulli Water is essentially everywhere in our world, and the ...",9iMGFqMmUFs,5100026,46703,988,5007,TED-Ed,691645424,227,4933236
Minecraft CHUCKYS TOY STORE!! - EVIL CHUCKY HAS TED CAPTURED IN HIS BASEMENT!! - Donut the Dog,Minecraft Roleplay Donut the Dog & The LittleClub Adventures SUBSCRIBE to REAL LIFE MINECRAFT HEROES: http://bit.ly/RealLifeYouTubeHeroes THE ...,0vmBFkpX96M,93701,658,33,63,Donut The Dog - Minecraft Adventures - Little Club,293839384,0,717530
"Beware online ""filter bubbles"" | Eli Pariser","http://www.ted.com As web companies strive to tailor their services (including news and search results) to our personal tastes, there's a dangerous unintended ...",B8ofWFx525s,973956,13210,174,885,TED,851185597,4912,7644079
Stunning Photos of the Endangered Everglades | Mac Stone | TED Talks,"For centuries, people have viewed swamps and wetlands as obstacles to avoid. But for photographer Mac Stone, who documents the stories of wildlife in ...",ApGeDdIaxo8,63063,1295,22,112,TED,851185597,4912,7644079
The year in ideas: TED Talks of 2014,"What were the most powerful ideas of 2014? Watch our 8-minute highlight reel of the Year in Ideas. Explore a fun, interactive playlist of the TED Talks of the year ...",7E9a24Nw6Cg,279200,5444,68,0,TED,851185597,4912,7644079
The game that can give you 10 extra years of life | Jane McGonigal,"http://www.ted.com When game designer Jane McGonigal found herself bedridden and suicidal following a severe concussion, she had a fascinating idea for ...",lfBpsV1Hwqs,810924,12840,436,1325,TED,851185597,4912,7644079
The transformative power of classical music | Benjamin Zander,"http://www.ted.com Benjamin Zander has two infectious passions: classical music, and helping us all realize our untapped love for it -- and by extension, our ...",r9LCwI5iErE,2544101,43508,453,1915,TED,851185597,4912,7644079
The Rise of Personal Robots | Cynthia Breazeal | TED Talks,"http://www.ted.com As a grad student, Cynthia Breazeal wondered why we were using robots on Mars, but not in our living rooms. The key, she realized: training ...",eAnHjuTQF3M,110343,999,76,301,TED,851185597,4912,7644079
New experiments in self-teaching | Sugata Mitra,http://www.ted.com Indian education scientist Sugata Mitra tackles one of the greatest problems of education -- the best teachers and schools don't exist where ...,dk60sYrU2RU,737656,8766,94,701,TED,851185597,4912,7644079
Flash Gordon in Ted (2012) - Full Scene,A homage to cheesy 80's film Flash Gordon in the 2012 fim Ted. Sam J. Jones turns up at Ted's party complete with Flash gordon theme song and slow motion ...,miU6ruUPZHI,1188988,3966,173,839,HLayton,1188035,0,340
How Meditation Can Reshape Our Brains: Sara Lazar at TEDxCambridge 2011,"Neuroscientist Sara Lazar's amazing brain scans show meditation can actually change the size of key regions of our brain, improving our memory and making ...",m8rRzTtP7Tc,947299,6976,156,446,TEDx Talks,1647594251,322,8471301
Sugata Mitra: Build a School in the Cloud,"Onstage at TED2013, Sugata Mitra makes his bold TED Prize wish: Help me design the School in the Cloud, a learning lab in India, where children can explore ...",y3jYVe1RGaU,410285,6750,87,593,TED,851185597,4912,7644079
Ai Weiwei detained. Here is his TED film,http://www.ted.com The news that Chinese artist Ai Weiwei has been detained by authorities has prompted significant concern here at TED-HQ. We had shown a ...,MVnH8ou3Kd4,216164,1907,38,461,TED,851185597,4912,7644079
Are we in control of our decisions? | Dan Ariely,"http://www.ted.com Behavioral economist Dan Ariely, the author of Predictably Irrational, uses classic visual illusions and his own counterintuitive (and ...",9X68dm92HVI,876329,8881,114,427,TED,851185597,4912,7644079
The left brain vs. right brain myth - Elizabeth Waters,View full lesson: https://ed.ted.com/lessons/the-left-brain-vs-right-brain-myth-elizabeth-waters The human brain is visibly split into a left and right side.,ZMSbDwpIyF4,358236,10313,223,602,TED-Ed,691645424,227,4933236
How to make healthy eating unbelievably easy | Luke Durward | TEDxYorkU,"After breaking his leg, undergraduate student Luke Durward used his time to return home and mentor his little brother on healthy eating. While illustrating his ...",Q4yUlJV31Rk,3150097,19944,4704,2275,TEDx Talks,1647594251,322,8471301
Ted Nugent - Stranglehold,Artist: Ted Nugent Song: Stranglehold Album: Ted Nugent Track: #1 Lyrics: Here I come again now baby Like a dog in heat Tell it's me by the clamor now baby I ...,0c3d7QgZr7g,16151851,74414,4060,10872,Amos Chetcuti,29730584,70,15556
"A kinder, gentler philosophy of success | Alain de Botton",http://www.ted.com Alain de Botton examines our ideas of success and failure -- and questions the assumptions underlying these two judgments. Is success ...,MtSE4rglxbY,931354,12031,185,613,TED,851185597,4912,7644079
Sylvia Earle: How to protect the oceans (TED Prize winner!),http://www.ted.com Legendary ocean researcher Sylvia Earle shares astonishing images of the ocean -- and shocking stats about its rapid decline -- as she ...,43DuLcBFxoY,186019,2016,21,245,TED,851185597,4912,7644079
The world needs all kinds of minds | Temple Grandin,"http://www.ted.com Autism activist Temple Grandin talks about how her mind works -- sharing her ability to ""think in pictures,"" which helps her solve problems that ...",fn_9f5x0f1Q,582979,5713,89,560,TED,851185597,4912,7644079
Brene Brown at TEDxHouston,"Dr. Brene Brown is a researcher professor at the University of Houston, Graduate College of Social Work, where she has spent the past ten years studying a ...",X4Qm9cGRub0,1746741,12229,226,518,TEDx Talks,1647594251,322,8471302
"Hans Rosling: Global population growth, box by box",http://www.ted.com The world's population will grow to 9 billion over the next 50 years -- and only by raising the living standards of the poorest can we check ...,fTznEIZRkLg,784795,5545,205,1140,TED,851185597,4912,7644079
Addiction,"What causes addiction? Easy, right? Drugs cause addiction. But maybe it is not that simple. This video is adapted from Johann Hari's New York Times ...",ao8L-0nSYzg,13704964,332158,4451,19053,Kurzgesagt - In a Nutshell,269620619,23,4544245
Wireless data from every light bulb | Harald Haas,"http://www.ted.com What if every light bulb in the world could also transmit data? At TEDGlobal, Harald Haas demonstrates, for the first time, a device that could ...",NaoSp4NpkGg,716337,5070,86,690,TED,851185597,4912,7644080
Ted 2 - Official Trailer,"Newlywed couple Ted and Tami-Lynn want to have a baby, but in order to qualify to be a parent, Ted will have to prove he's a person in a court of law. Director: ...",i7wOFLLtTm8,1984929,17422,686,930,Machinima,5682156870,1212167,12605719
Buffy 2x11 - Buffy Hits Ted With A Frying Pan,"A scene from Buffy Season 2 Episode 11 (Ted) I DO NOT OWN THIS CREDIT GOES TOO... I do not own the copyrights contained in this video, I do not make ...",XE2ALidFqv4,2027,11,2,6,Laho Bo,46556661,632,22694
"I Hear You're A Racist Now, Father! - Father Ted","Father Ted tries to pass the time by impersonating a Chinese man using a lamp shade, he gets spotted and news spreads fast that he is a racist. 10 years ago ...",6zkL91LzCMc,2235404,21284,774,1879,Hat Trick,38213194,4,38844
"Why should you listen to Vivaldi's ""Four Seasons""? - Betsy Schwarm","View full lesson: http://ed.ted.com/lessons/why-should-you-listen-to-vivaldi-s-four-seasons-betsy-schwarm Light, bright, and cheerful, ""The Four Seasons"" by ...",Xcpc8VDsv3c,1391272,44940,369,1104,TED-Ed,691645424,227,4933236
Shah Rukh Khan's Speech At TED TALKS !!,"Friends, in this video I have talked to you about the BADSHAH of the Bollywood or the KING KHAN, Shah Rukh Khan. He has become the first Indian Actor to ...",qC9qUtEgwDw,872,26,0,14,SAM'S VLOG,14501,0,163
Bill & Ted's Excellent Adventure Official Trailer #1 - Keanu Reeves Movie (1989) HD,Subscribe to TRAILERS: http://bit.ly/sxaw6h Subscribe to COMING SOON: http://bit.ly/H2vZUn Subscribe to CLASSIC TRAILERS: http://bit.ly/1u43jDe Like us on ...,q3fx6TugN7g,573722,1946,56,247,Movieclips Trailer Vault,472714380,21,238697
Tom Da Lips - T.E.D.,Track available at Beatport: https://www.beatport.com/release/t-e-d/2085195 Traxsource: https://www.traxsource.com/title/846101/t-e-d.,IIo4n6M5lI0,66,3,0,0,NervousRecordsNYC,19329091,51,41082
What is Alzheimer's disease? - Ivan Seah Yu Jun,"View full lesson: http://ed.ted.com/lessons/what-is-alzheimer-s-disease-ivan-seah-yu-jun Alzheimer's disease is the most common cause of dementia, affecting ...",yJXTXN4xrI8,623414,6088,86,541,TED-Ed,691645424,227,4933236
Ted Mosby Speech,"This is the Ted Mosby speech to his future wife. Here is the transcript: ""Hi, I'm Ted Mosby and exactly 45 days from now you and I are gonna meet and we are ...",d9Q-rW433l0,917808,6935,48,1369,Irving Kcam,917372,0,113
How to start a movement | Derek Sivers,"http://www.ted.com With help from some surprising footage, Derek Sivers explains how movements really get started. (Hint: it takes two.) TEDTalks is a daily ...",V74AxCqOTvg,849929,5087,116,333,TED,851185597,4912,7644080
Why videos go viral | Kevin Allocca,"http://www.ted.com Kevin Allocca is YouTube's trends manager, and he has deep thoughts about silly web video. In this talk from TEDYouth, he shares the 4 ...",BpxVIwCbBK0,500435,5034,202,392,TED,851185597,4912,7644080
Grammar's great divide: The Oxford comma - TED-Ed,"View full lesson: http://ed.ted.com/lessons/grammar-s-great-divide-the-oxford-comma-ted-ed If you read ""Bob, a DJ and a clown"" on a guest list, are three people ...",ptM7FzyjtRk,885102,9410,199,765,TED-Ed,691645424,227,4933236
Karen Armstrong: 2008 TED Prize wish: Charter for Compassion,"http://www.ted.com As she accepts her 2008 TED Prize, author and scholar Karen Armstrong talks about how the Abrahamic religions -- Islam, Judaism, ...",SJMm4RAwVLo,150765,991,107,403,TED,851185597,4912,7644080
"Jake Shimabukuro - ""Bohemian Rhapsody"" - TED (2010) - ukelele cover","Jake Shimabukuro strums monster sounds out of the tiny Hawaiian ukelele, as he plays a cover of Queen's ""Bohemian Rhapsody."" A sensational performance ...",PB3RbO7updc,8513110,68920,1107,3734,Hamza Tazi,8518654,2,7118
My Lovely Horse | Father Ted,Watch Father Ted on All 4: http://www.channel4.com/programmes/father-ted.,jzYzVMcgWhg,2072402,10335,198,1556,Channel 4,427079409,1546,390834
Introducing TED-Ed: Lessons Worth Sharing,TED-Ed's mission is to capture and amplify the voices of great educators around the world. We do this by pairing extraordinary educators with talented animators ...,FfJ5XG5i2aw,398955,2078,19,99,TED-Ed,691645424,227,4933236
Ted Bear - Cyanide & Happiness Shorts,Subscribe to Explosm! - http://bit.ly/13xgq7a Read Our Comics! - http://www.explosm.net/comics/ Facebook: https://www.facebook.com/explosm Twitter: ...,zDCNJdeM9PE,14811371,128341,2596,9951,ExplosmEntertainment,1846013490,923,7440512
"""Ted Haggard Is Completely Heterosexual"" by Roy Zimmerman","http://www.royzimmerman.com/ Please subscribe to my Channel My songs are available through my website and on iTunes. Here, I perform ""Ted Haggard.",HZmHC75FDqQ,530249,8492,176,1272,RoyZimmerman,7682975,824,20930
"Ted Leo & The Pharmacists - ""Bottled In Cork"" (OFFICIAL VIDEO)","The second video from TL&Rx' new album ""The Brutalist Bricks"". Purchase ""The Brutalist Bricks"": http://bit.ly/aACVku Directed by Tom Scharpling Full credits: ...",w248uwpAX14,191320,1060,37,123,Matador Records,47919984,111,51705
Bill and Ted's Bogus Journey Trailer (1991),"The sequel to ""Excellent Adventure"" and as wildly funny and most triumphant! An interesting follow up to the original however it's appearance is different from the ...",aIeFo9zzdVg,393099,930,34,251,glows,38968732,86,7147
Dave Eggers: 2008 TED Prize wish: Once Upon a School,"http://www.ted.com Accepting his 2008 TED Prize, author Dave Eggers asks the TED community to personally, creatively engage with local public schools.",FaSF1gPBKrA,62906,326,7,21,TED,851185597,4912,7644081
Father Ted | On Holiday,"In this classic clip Father Ted, Dougal and Jack take their annual holiday in the caravan. Subscribe for more: http://bit.ly/hattricksub Life is hard for Father Ted.",GFTgkibl7DU,437193,1158,41,58,Hat Trick,38213194,4,38844
Ted's Birthday,30 people throw a birthday party for a random stranger in a bar. More info: http://improveverywhere.com/2010/02/28/teds-birthday-2/ 30 people throw a birthday ...,0EjuEx95u3Y,1451591,13861,223,1844,Improv Everywhere,430355442,387,1850774
"'Golden Voice' homeless man finds job, home after viral video success","Ted Williams, a homeless US man with a deep, refined voice has become an overnight online sensation after being ""discovered"" by a local reporter on a street ...",6rPFvLUWkzs,40295571,147024,3468,24437,RT,2077937601,3,2171679
Bill & Ted's Excellent Adventure HD Trailer,"Two airheads, who are about to fail history class, are given the chance to take an epic trip through time. Keanu Reeves and Alex Winter star in the most ...",sFy17auuK08,527369,1637,59,0,wormontheweb,1246183,1,344
Ted's & Marshal's - 500 miles ( HIMYM - fun time ),"Ted and Marshall on a crazy trip. 3x best cuts of S05E05 episode of HIMYM. Ted's ""thank you"" and more. Song: Proclaimers - 500 miles all rights reserved to ...",yhcFpbnQghk,1323596,7383,60,366,naviliss,1347994,0,128
Scrubs - Ted's Band Compilation,A complilation of clips of Ted's Band from Scrubs. Some of the newer ones are missing. They're called The Blanks in real life and can be found on ...,yMo_boi1Yw0,1903882,10331,153,1449,Michael Walsh,1904786,36,202
Ted Bundy's Last Interview,http://XXXCHURCH.com Serial Killer Ted Bundy shares his last interview before being executed.,Vlk_sRU49TI,3004478,10207,2838,0,triplexchurch,6119779,16,7274
TED NUGENT- WANGO TANGO,TED NUGENT- WANGO TANGO MY FAVORITE SONG FROM HIM.,LqFUEcM9wR0,1697357,6254,490,988,johndangerous13,1970502,28,1731
An argument for game artistry | Kellee Santiago | TEDxUSC,Are Video Games Art? Game innovator Kellee Santiago insists that games are more than entertainment. As a student in the MFA Interactive Media program at ...,K9y6MYDSAww,122011,580,60,278,TEDx Talks,1647594251,322,8471301
Former FBI Chief Ted Gunderson Says Chemtrail Death Dumps Must Be Stopped,"Former FBI Chief, Ted L. Gunderson, makes a statement regarding the chemtrail ""death dumps"", otherwise know as air crap, on January 12, 2011. Ted says the ...",gR6KVYJ73AU,446164,4128,194,2555,aircraporg,648541,67,1631
Ted Nugent - Great White Buffalo (1987),1987 live (last video from this concert I have Ted Needs to put this out on dvd !),VMZwS0ZonEU,1830126,7096,347,0,page14617,2164864,9,1306
An American Coach in London: NBC Sports Premier League Film featuring Jason Sudeikis,Check out the Return of Coach Lasso here: http://youtu.be/iRqypM7jb5Y Coach Lasso (Jason Sudeikis) has just arrived in England to coach Tottenham Hotspur ...,6KeG_i8CWE8,10844090,64804,896,5808,NBCSportsNetwork,17653649,33,13918
The great porn experiment | Gary Wilson | TEDxGlasgow,"Never miss a talk! SUBSCRIBE to the TEDx channel: http://bit.ly/1FAg8hB In response to Philip Zimbardo's ""The Demise of Guys?"" TED talk, Gary Wilson asks ...",wSF82AwSDiU,8848823,64186,3246,0,TEDx Talks,1647594251,322,8471302
Making sex normal | Debby Herbenick | TEDxBloomington,The belief that human beings -- throughout their lives -- deserve to have access to accurate information about their bodies and sexuality drives much of Debby ...,CE3tL9MMk3U,2375859,9097,1334,2094,TEDx Talks,1647594251,322,8471302
Ellen Page confronts Ted Cruz over LGBT rights,"The Canadian actress, who came out as gay last year at a pro-LGBT conference organized by the Human Rights Campaign, got into a heated back-and-forth ...",Iu1lsw3_Kfo,472505,3755,544,7052,CBS News,421183283,3855,408093
Ted,Joselin.,YBC7m1qP24A,0,0,0,0,Joselin Macias,0,0,0
Ted 2 / Trailer sin censura (Solo adultos),"Ted 2 estrena en Mexico el verano del 2015. En esta nueva aventura Ted se casa y esta decidido a tener un hijo, solo que hay un pequeno problema ?Quien ...",jF3IV3IHQoY,15469505,32459,4639,1108,universalpicturesmx,446790885,496,620047
"Make love, not porn (Adult content) | Cindy Gallop","At TED2009, audience member Cindy Gallop gave a 4-minute presentation that became one of the event's most talked about. Speaking from her personal ...",FV8n_E_6Tpc,2046524,7806,747,1992,TED,851185597,4912,7644081
TED gets mad because johnny's totally losing it,Ted comedy.,_FfzW-XUMmA,1,0,0,0,Masha Kranium77,0,0,0
Charlas TED Ed - Delfina Zaroli,,24hJ6Xw2Ik4,0,0,0,0,LaColomboTV,3547,0,55
TED TALK On book 1984,,zjVXdeH3lpk,2,0,0,0,evelyn ochoa,0,0,0
Charlas TED Ed - Delfina Nole,,q2WK0X6eKB4,0,0,0,0,LaColomboTV,3547,0,55
Synthepher | T.E.D. Island,First fanmade monster (for T.E.D. Island) yee Sorry for the cruddy image quality. ELEMENT(S): Earth/Shadow BIO: I'll add it another time lol PLAYS: Toe ...,f3yJOAkRNvw,6,0,0,5,Soggy Yelmuts,1319,0,12
Ted video and Jackpaul,1000k.,HwiOpX7v67I,0,0,0,0,Vernon Sharrock,59,0,0
Muaway- X1 VLD  -iSOONIC vs -Ted    - TESTE 1,ENTAO MEU 1 VIDEO E PRIMEIRA VEZ QUE EDITO UM VIDEO POR ISSO FICOU DESSA FORMA FOI TUDO MUITO RAPIDO MAIS TAMOS AE : SALVE PRA ...,OscLy9fY8B4,17,10,0,3,Player Sonic,0,0,0
Ted 2 - Official Restricted Trailer (HD),"Ted 2 - Official Restricted Trailer (HD) Ted Is Coming, Again - June 26 http://www.legalizeted.com/ #LegalizeTed Seth MacFarlane returns as writer, director and ...",8eHufVyP2gE,2417778,17236,858,1344,Universal Pictures,849031624,830,1042457
